Country,Year,Happiness Rank,Happiness Score,Economy (GDP per Capita),Health (Life Expectancy),Trust (Government Corruption)
Switzerland,2015,1,7.587,1.39651,0.94143,0.41978
Iceland,2015,2,7.561,1.30232,0.94784,0.14145
Denmark,2015,3,7.527,1.32548,0.87464,0.48357
Norway,2015,4,7.522,1.459,0.88521,0.36503
Canada,2015,5,7.427,1.32629,0.90563,0.32957
Finland,2015,6,7.406,1.29025,0.88911,0.41372
Netherlands,2015,7,7.378,1.32944,0.89284,0.31814
Sweden,2015,8,7.364,1.33171,0.91087,0.43844
New Zealand,2015,9,7.286,1.25018,0.90837,0.42922
Australia,2015,10,7.284,1.33358,0.93156,0.35637
Israel,2015,11,7.278,1.22857,0.91387,0.07785
Costa Rica,2015,12,7.226,0.95578,0.86027,0.10583
Austria,2015,13,7.2,1.33723,0.89042,0.18676
Mexico,2015,14,7.187,1.02054,0.81444,0.21312
United States,2015,15,7.119,1.39451,0.86179,0.1589
Brazil,2015,16,6.983,0.98124,0.69702,0.17521
Luxembourg,2015,17,6.946,1.56391,0.91894,0.37798
Ireland,2015,18,6.94,1.33596,0.89533,0.28703
Belgium,2015,19,6.937,1.30782,0.89667,0.2254
United Arab Emirates,2015,20,6.901,1.42727,0.80925,0.38583
United Kingdom,2015,21,6.867,1.26637,0.90943,0.32067
Oman,2015,22,6.853,1.36011,0.76276,0.32524
Venezuela,2015,23,6.81,1.04424,0.72052,0.11069
Singapore,2015,24,6.798,1.52186,1.02525,0.4921
Panama,2015,25,6.786,1.06353,0.79661,0.0927
Germany,2015,26,6.75,1.32792,0.89186,0.21843
Chile,2015,27,6.67,1.10715,0.85857,0.12869
Qatar,2015,28,6.611,1.69042,0.79733,0.52208
France,2015,29,6.575,1.27778,0.94579,0.20646
Argentina,2015,30,6.574,1.05351,0.78723,0.08484
Czech Republic,2015,31,6.505,1.17898,0.84483,0.02652
Uruguay,2015,32,6.485,1.06166,0.8116,0.24558
Colombia,2015,33,6.477,0.91861,0.69077,0.0512
Thailand,2015,34,6.455,0.9669,0.7385,0.03187
Saudi Arabia,2015,35,6.411,1.39541,0.72025,0.32524
Spain,2015,36,6.329,1.23011,0.95562,0.06398
Malta,2015,37,6.302,1.2074,0.88721,0.13586
Taiwan,2015,38,6.298,1.29098,0.8753,0.08129
Kuwait,2015,39,6.295,1.55422,0.72492,0.25609
Suriname,2015,40,6.269,0.99534,0.6082,0.13633
Trinidad and Tobago,2015,41,6.168,1.21183,0.61483,0.0114
El Salvador,2015,42,6.13,0.76454,0.67737,0.11776
Guatemala,2015,43,6.123,0.74553,0.64425,0.09472
Uzbekistan,2015,44,6.003,0.63244,0.59772,0.30826
Slovakia,2015,45,5.995,1.16891,0.78902,0.03431
Japan,2015,46,5.987,1.27074,0.99111,0.1806
South Korea,2015,47,5.984,1.24461,0.96538,0.07857
Ecuador,2015,48,5.975,0.86402,0.79075,0.1809
Bahrain,2015,49,5.96,1.32376,0.74716,0.306
Italy,2015,50,5.948,1.25114,0.95446,0.02901
Bolivia,2015,51,5.89,0.68133,0.5392,0.088
Moldova,2015,52,5.889,0.59448,0.61826,0.01615
Paraguay,2015,53,5.878,0.75985,0.66098,0.08242
Kazakhstan,2015,54,5.855,1.12254,0.64368,0.08454
Slovenia,2015,55,5.848,1.18498,0.87337,0.03787
Lithuania,2015,56,5.833,1.14723,0.73128,0.01031
Nicaragua,2015,57,5.828,0.59325,0.74314,0.19317
Peru,2015,58,5.824,0.90019,0.73017,0.05989
Belarus,2015,59,5.813,1.03192,0.73608,0.1909
Poland,2015,60,5.791,1.12555,0.77903,0.04212
Malaysia,2015,61,5.77,1.12486,0.72394,0.10501
Croatia,2015,62,5.759,1.08254,0.78805,0.0243
Libya,2015,63,5.754,1.13145,0.7038,0.11023
Russia,2015,64,5.716,1.13764,0.66926,0.03005
Jamaica,2015,65,5.709,0.81038,0.68741,0.02299
North Cyprus,2015,66,5.695,1.20806,0.92356,0.1428
Cyprus,2015,67,5.689,1.20813,0.92356,0.06146
Algeria,2015,68,5.605,0.93929,0.61766,0.17383
Kosovo,2015,69,5.589,0.80148,0.63132,0.04741
Turkmenistan,2015,70,5.548,0.95847,0.53886,0.30844
Mauritius,2015,71,5.477,1.00761,0.7095,0.07521
Hong Kong,2015,72,5.474,1.38604,1.01328,0.37124
Estonia,2015,73,5.429,1.15174,0.77361,0.15184
Indonesia,2015,74,5.399,0.82827,0.63793,0
Vietnam,2015,75,5.36,0.63216,0.74676,0.10441
Turkey,2015,76,5.332,1.06098,0.73172,0.15746
Kyrgyzstan,2015,77,5.286,0.47428,0.65088,0.04232
Nigeria,2015,78,5.268,0.65435,0.16007,0.0403
Bhutan,2015,79,5.253,0.77042,0.57407,0.15445
Azerbaijan,2015,80,5.212,1.02389,0.64045,0.16065
Pakistan,2015,81,5.194,0.59543,0.51466,0.10464
Jordan,2015,82,5.192,0.90198,0.69639,0.14293
Montenegro,2015,82,5.192,0.97438,0.72521,0.14296
China,2015,84,5.14,0.89012,0.81658,0.02781
Zambia,2015,85,5.129,0.47038,0.29924,0.12468
Romania,2015,86,5.124,1.04345,0.7689,0.00649
Serbia,2015,87,5.123,0.92053,0.74836,0.02617
Portugal,2015,88,5.102,1.15991,0.87519,0.01078
Latvia,2015,89,5.098,1.11312,0.72437,0.06332
Philippines,2015,90,5.073,0.70532,0.58114,0.12279
Somaliland region,2015,91,5.057,0.18847,0.43873,0.39928
Morocco,2015,92,5.013,0.73479,0.60954,0.08546
Macedonia,2015,93,5.007,0.91851,0.73545,0.05327
Mozambique,2015,94,4.971,0.08308,0.09131,0.15603
Albania,2015,95,4.959,0.87867,0.81325,0.06413
Bosnia and Herzegovina,2015,96,4.949,0.83223,0.79081,0.00227
Lesotho,2015,97,4.898,0.37545,0.07612,0.12504
Dominican Republic,2015,98,4.885,0.89537,0.66825,0.14234
Laos,2015,99,4.876,0.59066,0.54909,0.24249
Mongolia,2015,100,4.874,0.82819,0.60268,0.02666
Swaziland,2015,101,4.867,0.71206,0.07566,0.0306
Greece,2015,102,4.857,1.15406,0.88213,0.01397
Lebanon,2015,103,4.839,1.02564,0.83947,0.04582
Hungary,2015,104,4.8,1.12094,0.75905,0.02758
Honduras,2015,105,4.788,0.59532,0.6951,0.06825
Tajikistan,2015,106,4.786,0.39047,0.57379,0.15072
Tunisia,2015,107,4.739,0.88113,0.73793,0.06358
Palestinian Territories,2015,108,4.715,0.59867,0.66015,0.12905
Bangladesh,2015,109,4.694,0.39753,0.60164,0.12569
Iran,2015,110,4.686,1.0088,0.69805,0.05863
Ukraine,2015,111,4.681,0.79907,0.6739,0.02961
Iraq,2015,112,4.677,0.98549,0.60237,0.13788
South Africa,2015,113,4.642,0.92049,0.27688,0.08884
Ghana,2015,114,4.633,0.54558,0.40132,0.04355
Zimbabwe,2015,115,4.61,0.271,0.33475,0.08079
Liberia,2015,116,4.571,0.0712,0.34201,0.06232
India,2015,117,4.565,0.64499,0.51529,0.08492
Sudan,2015,118,4.55,0.52107,0.36878,0.1466
Haiti,2015,119,4.518,0.26673,0.38847,0.17175
Congo (Kinshasa),2015,120,4.517,0,0.09806,0.07625
Nepal,2015,121,4.514,0.35997,0.56874,0.05907
Ethiopia,2015,122,4.512,0.19073,0.44055,0.15048
Sierra Leone,2015,123,4.507,0.33024,0,0.08786
Mauritania,2015,124,4.436,0.45407,0.35874,0.17461
Kenya,2015,125,4.419,0.36471,0.41435,0.05839
Djibouti,2015,126,4.369,0.44025,0.36291,0.28105
Armenia,2015,127,4.35,0.76821,0.7299,0.039
Botswana,2015,128,4.332,0.99355,0.04776,0.12474
Myanmar,2015,129,4.307,0.27108,0.48246,0.19034
Georgia,2015,130,4.297,0.7419,0.72926,0.38331
Malawi,2015,131,4.292,0.01604,0.22562,0.06977
Sri Lanka,2015,132,4.271,0.83524,0.70806,0.09179
Cameroon,2015,133,4.252,0.4225,0.23402,0.05786
Bulgaria,2015,134,4.218,1.01216,0.76649,0.00872
Egypt,2015,135,4.194,0.8818,0.61712,0.06324
Yemen,2015,136,4.077,0.54649,0.40064,0.07854
Angola,2015,137,4.033,0.75778,0.16683,0.07122
Mali,2015,138,3.995,0.26074,0.20583,0.12352
Congo (Brazzaville),2015,139,3.989,0.67866,0.31051,0.11686
Comoros,2015,140,3.956,0.23906,0.36315,0.199
Uganda,2015,141,3.931,0.21102,0.33861,0.07267
Senegal,2015,142,3.904,0.36498,0.4354,0.10713
Gabon,2015,143,3.896,1.06024,0.43372,0.11091
Niger,2015,144,3.845,0.0694,0.29707,0.15639
Cambodia,2015,145,3.819,0.46038,0.61114,0.07247
Tanzania,2015,146,3.781,0.2852,0.38215,0.05747
Madagascar,2015,147,3.681,0.20824,0.46721,0.08124
Central African Republic,2015,148,3.678,0.0785,0.06699,0.08289
Chad,2015,149,3.667,0.34193,0.1501,0.05269
Guinea,2015,150,3.656,0.17417,0.24009,0.12139
Ivory Coast,2015,151,3.655,0.46534,0.15185,0.17922
Burkina Faso,2015,152,3.587,0.25812,0.27125,0.12832
Afghanistan,2015,153,3.575,0.31982,0.30335,0.09719
Rwanda,2015,154,3.465,0.22208,0.42864,0.55191
Benin,2015,155,3.34,0.28665,0.3191,0.0801
Syria,2015,156,3.006,0.6632,0.72193,0.18906
Burundi,2015,157,2.905,0.0153,0.22396,0.10062
Togo,2015,158,2.839,0.20868,0.28443,0.10731
Denmark,2016,1,7.526,1.44178,0.79504,0.44453
Switzerland,2016,2,7.509,1.52733,0.86303,0.41203
Iceland,2016,3,7.501,1.42666,0.86733,0.14975
Norway,2016,4,7.498,1.57744,0.79579,0.35776
Finland,2016,5,7.413,1.40598,0.81091,0.41004
Canada,2016,6,7.404,1.44015,0.8276,0.31329
Netherlands,2016,7,7.339,1.46468,0.81231,0.29927
New Zealand,2016,8,7.334,1.36066,0.83096,0.41904
Australia,2016,9,7.313,1.44443,0.8512,0.32331
Sweden,2016,10,7.291,1.45181,0.83121,0.40867
Israel,2016,11,7.267,1.33766,0.84917,0.08728
Austria,2016,12,7.119,1.45038,0.80565,0.21348
United States,2016,13,7.104,1.50796,0.779,0.14868
Costa Rica,2016,14,7.087,1.06879,0.76146,0.10547
Puerto Rico,2016,15,7.039,1.35943,0.77758,0.12275
Germany,2016,16,6.994,1.44787,0.81487,0.28551
Brazil,2016,17,6.952,1.08754,0.61415,0.14166
Belgium,2016,18,6.929,1.42539,0.81959,0.26248
Ireland,2016,19,6.907,1.48341,0.81455,0.29754
Luxembourg,2016,20,6.871,1.69752,0.84542,0.35329
Mexico,2016,21,6.778,1.11508,0.71143,0.18355
Singapore,2016,22,6.739,1.64555,0.94719,0.46987
United Kingdom,2016,23,6.725,1.40283,0.80991,0.27399
Chile,2016,24,6.705,1.2167,0.81883,0.11451
Panama,2016,25,6.701,1.18306,0.70835,0.08423
Argentina,2016,26,6.65,1.15137,0.69711,0.07296
Czech Republic,2016,27,6.596,1.30915,0.76376,0.03986
United Arab Emirates,2016,28,6.573,1.57352,0.72993,0.35561
Uruguay,2016,29,6.545,1.18157,0.72183,0.21394
Malta,2016,30,6.488,1.30782,0.80315,0.17554
Colombia,2016,31,6.481,1.03032,0.59659,0.05399
France,2016,32,6.478,1.39488,0.83795,0.17808
Thailand,2016,33,6.474,1.0893,0.64915,0.02833
Saudi Arabia,2016,34,6.379,1.48953,0.59267,0.30008
Taiwan,2016,34,6.379,1.39729,0.79565,0.0663
Qatar,2016,36,6.375,1.82427,0.71723,0.48049
Spain,2016,37,6.361,1.34253,0.87896,0.06137
Algeria,2016,38,6.355,1.05266,0.61804,0.16157
Guatemala,2016,39,6.324,0.83454,0.54039,0.08701
Suriname,2016,40,6.269,1.09686,0.50933,0.12692
Kuwait,2016,41,6.239,1.61714,0.63569,0.23669
Bahrain,2016,42,6.218,1.44024,0.65696,0.25772
Trinidad and Tobago,2016,43,6.168,1.32572,0.52608,0.01241
Venezuela,2016,44,6.084,1.13367,0.61904,0.08304
Slovakia,2016,45,6.078,1.27973,0.70367,0.02947
El Salvador,2016,46,6.068,0.8737,0.596,0.10613
Malaysia,2016,47,6.005,1.25142,0.62366,0.09081
Nicaragua,2016,48,5.992,0.69384,0.65213,0.16292
Uzbekistan,2016,49,5.987,0.73591,0.50163,0.28333
Italy,2016,50,5.977,1.35495,0.85102,0.02556
Ecuador,2016,51,5.976,0.97306,0.68613,0.18037
Belize,2016,52,5.956,0.87616,0.45569,0.10771
Japan,2016,53,5.921,1.38007,0.91491,0.18985
Kazakhstan,2016,54,5.919,1.22943,0.57386,0.11132
Moldova,2016,55,5.897,0.69177,0.52309,0.01903
Russia,2016,56,5.856,1.23228,0.58991,0.03586
Poland,2016,57,5.835,1.24585,0.69058,0.055
South Korea,2016,57,5.835,1.35948,0.88645,0.07716
Bolivia,2016,59,5.822,0.79422,0.4697,0.07746
Lithuania,2016,60,5.813,1.2692,0.64674,0.0182
Belarus,2016,61,5.802,1.13062,0.63104,0.17457
North Cyprus,2016,62,5.771,1.31141,0.84142,0.16578
Slovenia,2016,63,5.768,1.29947,0.79151,0.03635
Peru,2016,64,5.743,0.99602,0.62994,0.05292
Turkmenistan,2016,65,5.658,1.08017,0.44006,0.28467
Mauritius,2016,66,5.648,1.14372,0.66189,0.05203
Libya,2016,67,5.615,1.06688,0.52304,0.10339
Latvia,2016,68,5.56,1.21788,0.63952,0.0889
Cyprus,2016,69,5.546,1.31857,0.8488,0.05228
Paraguay,2016,70,5.538,0.89373,0.58295,0.07396
Romania,2016,71,5.528,1.1697,0.67602,0.00679
Estonia,2016,72,5.517,1.27964,0.68098,0.18519
Jamaica,2016,73,5.51,0.89333,0.59469,0.04294
Croatia,2016,74,5.488,1.18649,0.70524,0.04002
Hong Kong,2016,75,5.458,1.5107,0.95277,0.31647
Somalia,2016,76,5.44,0,0.11466,0.3118
Kosovo,2016,77,5.401,0.90145,0.54,0.06547
Turkey,2016,78,5.389,1.16492,0.64718,0.12348
Indonesia,2016,79,5.314,0.95104,0.49374,0.00322
Jordan,2016,80,5.303,0.99673,0.60712,0.13297
Azerbaijan,2016,81,5.291,1.12373,0.54504,0.17914
Philippines,2016,82,5.279,0.81217,0.47036,0.11757
China,2016,83,5.245,1.0278,0.73561,0.02745
Bhutan,2016,84,5.196,0.8527,0.49759,0.1616
Kyrgyzstan,2016,85,5.185,0.56044,0.55449,0.04762
Serbia,2016,86,5.177,1.03437,0.6458,0.04339
Bosnia and Herzegovina,2016,87,5.163,0.93383,0.70766,0
Montenegro,2016,88,5.161,1.07838,0.63533,0.12721
Dominican Republic,2016,89,5.155,1.02787,0.57669,0.12372
Morocco,2016,90,5.151,0.84058,0.59471,0.08404
Hungary,2016,91,5.145,1.24142,0.67608,0.04472
Pakistan,2016,92,5.132,0.68816,0.40306,0.1388
Lebanon,2016,93,5.129,1.12268,0.76171,0.03061
Portugal,2016,94,5.123,1.27607,0.79363,0.01521
Macedonia,2016,95,5.121,1.0193,0.64738,0.07047
Vietnam,2016,96,5.061,0.74037,0.66157,0.11556
Somaliland Region,2016,97,5.057,0.25558,0.33108,0.36794
Tunisia,2016,98,5.045,0.97724,0.59577,0.0817
Greece,2016,99,5.033,1.24886,0.80029,0.04127
Tajikistan,2016,100,4.996,0.48835,0.53119,0.13509
Mongolia,2016,101,4.907,0.98853,0.55469,0.03285
Laos,2016,102,4.876,0.68042,0.38291,0.22423
Nigeria,2016,103,4.875,0.75216,0.05108,0.0305
Honduras,2016,104,4.871,0.69429,0.58383,0.06906
Iran,2016,105,4.813,1.11758,0.64232,0.0557
Zambia,2016,106,4.795,0.61202,0.23573,0.11479
Nepal,2016,107,4.793,0.44626,0.50073,0.07008
Palestinian Territories,2016,108,4.754,0.67024,0.56844,0.10613
Albania,2016,109,4.655,0.9553,0.73007,0.05301
Bangladesh,2016,110,4.643,0.54177,0.52989,0.12583
Sierra Leone,2016,111,4.635,0.36485,0,0.08196
Iraq,2016,112,4.575,1.07474,0.51076,0.13636
Namibia,2016,113,4.574,0.93287,0.34745,0.10398
Cameroon,2016,114,4.513,0.52497,0.12698,0.06126
Ethiopia,2016,115,4.508,0.29283,0.34578,0.1717
South Africa,2016,116,4.459,1.02416,0.18611,0.08415
Sri Lanka,2016,117,4.415,0.97318,0.62007,0.07964
India,2016,118,4.404,0.74036,0.45091,0.08722
Myanmar,2016,119,4.395,0.34112,0.3988,0.20243
Egypt,2016,120,4.362,0.95395,0.52116,0.10393
Armenia,2016,121,4.36,0.86086,0.64083,0.03616
Kenya,2016,122,4.356,0.52267,0.30147,0.06686
Ukraine,2016,123,4.324,0.87287,0.58628,0.01829
Ghana,2016,124,4.276,0.63107,0.29681,0.0326
Congo (Kinshasa),2016,125,4.272,0.05661,0.188,0.06075
Georgia,2016,126,4.252,0.83792,0.64035,0.3188
Congo (Brazzaville),2016,127,4.236,0.77109,0.28212,0.09753
Senegal,2016,128,4.219,0.44314,0.40457,0.11681
Bulgaria,2016,129,4.217,1.11306,0.67806,0.00615
Mauritania,2016,130,4.201,0.61391,0.28639,0.17955
Zimbabwe,2016,131,4.193,0.35041,0.1595,0.08582
Malawi,2016,132,4.156,0.08709,0.29364,0.07564
Sudan,2016,133,4.139,0.63069,0.29759,0.10039
Gabon,2016,134,4.121,1.15851,0.3494,0.09314
Mali,2016,135,4.073,0.31292,0.16347,0.13647
Haiti,2016,136,4.028,0.34097,0.27494,0.14476
Botswana,2016,137,3.974,1.09426,0.34752,0.10769
Comoros,2016,138,3.956,0.27509,0.29981,0.18437
Ivory Coast,2016,139,3.916,0.55507,0.04476,0.1553
Cambodia,2016,140,3.907,0.55604,0.42494,0.08092
Angola,2016,141,3.866,0.84731,0.04991,0.08434
Niger,2016,142,3.856,0.1327,0.26162,0.17176
South Sudan,2016,143,3.832,0.39394,0.15781,0.13015
Chad,2016,144,3.763,0.42214,0.03824,0.04952
Burkina Faso,2016,145,3.739,0.31995,0.21297,0.12533
Uganda,2016,145,3.739,0.34719,0.19625,0.06442
Yemen,2016,147,3.724,0.57939,0.31048,0.05892
Madagascar,2016,148,3.695,0.27954,0.37109,0.07506
Tanzania,2016,149,3.666,0.47155,0.357,0.05099
Liberia,2016,150,3.622,0.10706,0.23165,0.04852
Guinea,2016,151,3.607,0.22415,0.18829,0.1192
Rwanda,2016,152,3.515,0.32846,0.31865,0.50521
Benin,2016,153,3.484,0.39499,0.21028,0.06681
Afghanistan,2016,154,3.36,0.38227,0.17344,0.07112
Togo,2016,155,3.303,0.28123,0.24811,0.11587
Syria,2016,156,3.069,0.74719,0.62994,0.17233
Burundi,2016,157,2.905,0.06831,0.15747,0.09419
Norway,2017,1,7.537000179,1.616463184,0.796666503,0.362012237
Denmark,2017,2,7.521999836,1.482383013,0.792565525,0.355280489
Iceland,2017,3,7.504000187,1.48063302,0.833552122,0.475540221
Switzerland,2017,4,7.493999958,1.564979553,0.858131289,0.290549278
Finland,2017,5,7.468999863,1.443571925,0.80915767,0.245482773
Netherlands,2017,6,7.376999855,1.503944635,0.810696125,0.47048983
Canada,2017,7,7.315999985,1.479204416,0.834557652,0.435539722
New Zealand,2017,8,7.31400013,1.405706048,0.816759706,0.500005126
Sweden,2017,9,7.28399992,1.494387269,0.830875158,0.385399252
Australia,2017,10,7.28399992,1.484414935,0.843886793,0.47769925
Israel,2017,11,7.212999821,1.375382423,0.838404,0.330082655
Costa Rica,2017,12,7.078999996,1.109706283,0.759509265,0.214613229
Austria,2017,13,7.006000042,1.487097263,0.815328419,0.316472322
United States,2017,14,6.993000031,1.546259284,0.774286628,0.392578781
Ireland,2017,15,6.977000237,1.535706639,0.809782624,0.427858323
Germany,2017,16,6.951000214,1.487923384,0.798950732,0.33626917
Belgium,2017,17,6.890999794,1.463780761,0.818091869,0.231503338
Luxembourg,2017,18,6.862999916,1.741943598,0.845089495,0.283180982
United Kingdom,2017,19,6.714000225,1.44163394,0.805335939,0.492774159
Chile,2017,20,6.65199995,1.25278461,0.819479704,0.326662421
United Arab Emirates,2017,21,6.647999763,1.626343369,0.726798236,0.360941947
Brazil,2017,22,6.635000229,1.10735321,0.616552353,0.162349895
Czech Republic,2017,23,6.609000206,1.352682352,0.754444003,0.088106759
Argentina,2017,24,6.598999977,1.185295463,0.695137084,0.109457061
Mexico,2017,25,6.578000069,1.153183818,0.709978998,0.120990433
Singapore,2017,26,6.572000027,1.69227767,0.949492395,0.345965981
Malta,2017,27,6.52699995,1.343279839,0.821944237,0.574730575
Uruguay,2017,28,6.453999996,1.217559695,0.719216824,0.175096929
Guatemala,2017,29,6.453999996,0.872001946,0.54023999,0.283488393
Panama,2017,30,6.452000141,1.233748436,0.706156135,0.210556939
France,2017,31,6.441999912,1.430923462,0.844465852,0.129762307
Thailand,2017,32,6.423999786,1.127868772,0.647239029,0.57212311
Taiwan Province of China,2017,33,6.421999931,1.433626533,0.793984234,0.258360475
Spain,2017,34,6.402999878,1.384397864,0.8889606,0.190133572
Qatar,2017,35,6.375,1.870765686,0.710098088,0.33047387
Colombia,2017,36,6.356999874,1.070622325,0.595027924,0.149014473
Saudi Arabia,2017,37,6.343999863,1.530623555,0.59014833,0.147616014
Trinidad and Tobago,2017,38,6.168000221,1.361355901,0.519983292,0.325296462
Kuwait,2017,39,6.105000019,1.632952452,0.632105708,0.228289798
Slovakia,2017,40,6.09800005,1.325393558,0.712732911,0.136544481
Bahrain,2017,41,6.086999893,1.488412261,0.653133035,0.172668487
Malaysia,2017,42,6.084000111,1.29121542,0.618784428,0.41660893
Nicaragua,2017,43,6.071000099,0.737299204,0.653095961,0.301674217
Ecuador,2017,44,6.007999897,1.000820398,0.685636222,0.150112465
El Salvador,2017,45,6.002999783,0.909784496,0.596018553,0.078257985
Poland,2017,46,5.97300005,1.291787863,0.699475348,0.158465967
Uzbekistan,2017,47,5.971000195,0.786441088,0.498272628,0.415983647
Italy,2017,48,5.964000225,1.395066619,0.853144348,0.172789648
Russia,2017,49,5.962999821,1.281778097,0.547349334,0.052263822
Belize,2017,50,5.955999851,0.907975316,0.450191766,0.240015641
Japan,2017,51,5.920000076,1.416915178,0.913475871,0.120572768
Lithuania,2017,52,5.90199995,1.314582348,0.62894994,0.010164657
Algeria,2017,53,5.872000217,1.091864467,0.617584646,0.069436647
Latvia,2017,54,5.849999905,1.260748625,0.638566971,0.153074786
South Korea,2017,55,5.837999821,1.401678443,0.900214076,0.206674367
Moldova,2017,56,5.837999821,0.72887063,0.589465201,0.208779126
Romania,2017,57,5.824999809,1.217683911,0.685158312,0.133519918
Bolivia,2017,58,5.822999954,0.833756566,0.47363025,0.225560725
Turkmenistan,2017,59,5.822000027,1.130776763,0.43772608,0.249924988
Kazakhstan,2017,60,5.818999767,1.28455627,0.606041551,0.201964423
North Cyprus,2017,61,5.809999943,1.346911311,0.834647238,0.266845703
Slovenia,2017,62,5.757999897,1.341205955,0.790828228,0.242649093
Peru,2017,63,5.715000153,1.035225272,0.630166113,0.126819715
Mauritius,2017,64,5.629000187,1.189395547,0.638007462,0.360933751
Cyprus,2017,65,5.620999813,1.355938077,0.844714701,0.271254301
Estonia,2017,66,5.611000061,1.32087934,0.695168316,0.098890811
Belarus,2017,67,5.568999767,1.15655756,0.637714267,0.155137509
Libya,2017,68,5.525000095,1.101803064,0.52016902,0.152073666
Turkey,2017,69,5.5,1.198274374,0.637605608,0.046693042
Paraguay,2017,70,5.493000031,0.932537317,0.579250693,0.224150658
"Hong Kong S.A.R., China",2017,71,5.472000122,1.551674843,0.943062425,0.374465793
Philippines,2017,72,5.429999828,0.857699215,0.468009055,0.193513423
Serbia,2017,73,5.394999981,1.069317579,0.650784671,0.220125884
Jordan,2017,74,5.335999966,0.991012394,0.604590058,0.17217046
Hungary,2017,75,5.323999882,1.286011934,0.687763453,0.078401662
Jamaica,2017,76,5.31099987,0.925579309,0.641022384,0.233818337
Croatia,2017,77,5.293000221,1.222556233,0.701288521,0.248002976
Kosovo,2017,78,5.278999805,0.951484382,0.54145205,0.319931448
China,2017,79,5.272999763,1.081165791,0.741415501,0.028806841
Pakistan,2017,80,5.269000053,0.726883531,0.402047783,0.315446019
Indonesia,2017,81,5.262000084,0.995538592,0.492345721,0.611704588
Venezuela,2017,82,5.25,1.128431201,0.617144227,0.06501963
Montenegro,2017,83,5.236999989,1.121129036,0.667464674,0.197911024
Morocco,2017,84,5.235000134,0.878114581,0.597710669,0.032209955
Azerbaijan,2017,85,5.234000206,1.153601766,0.540775776,0.04526934
Dominican Republic,2017,86,5.230000019,1.079373837,0.574873745,0.18696785
Greece,2017,87,5.227000237,1.289487481,0.810198903,0
Lebanon,2017,88,5.224999905,1.074987531,0.735081077,0.264450759
Portugal,2017,89,5.195000172,1.315175295,0.795843542,0.095102713
Bosnia and Herzegovina,2017,90,5.18200016,0.982409418,0.705186307,0.328867495
Honduras,2017,91,5.181000233,0.730573118,0.58256948,0.236188874
Macedonia,2017,92,5.175000191,1.064577937,0.644948184,0.253760964
Somalia,2017,93,5.151000023,0.022643184,0.113989137,0.291631311
Vietnam,2017,94,5.073999882,0.788547575,0.652168989,0.234968051
Nigeria,2017,95,5.073999882,0.783756256,0.05691573,0.230947196
Tajikistan,2017,96,5.040999889,0.524713635,0.529235125,0.248997644
Bhutan,2017,97,5.011000156,0.885416389,0.495879292,0.474054545
Kyrgyzstan,2017,98,5.004000187,0.596220076,0.553457797,0.428580374
Nepal,2017,99,4.961999893,0.479820192,0.504130781,0.394096166
Mongolia,2017,100,4.954999924,1.027235866,0.557783484,0.33846423
South Africa,2017,101,4.828999996,1.054698706,0.18708007,0.13936238
Tunisia,2017,102,4.804999828,1.007265806,0.613212049,0.049693357
Palestinian Territories,2017,103,4.775000095,0.716249228,0.565666974,0.114173174
Egypt,2017,104,4.735000134,0.989701807,0.520187259,0.128631443
Bulgaria,2017,105,4.714000225,1.161459088,0.70821768,0.113177694
Sierra Leone,2017,106,4.709000111,0.368420929,0.005564754,0.293040901
Cameroon,2017,107,4.695000172,0.564305365,0.132892117,0.236298457
Iran,2017,108,4.691999912,1.156873107,0.639333189,0.387242913
Albania,2017,109,4.644000053,0.996192753,0.731159747,0.201312944
Bangladesh,2017,110,4.607999802,0.586682975,0.533241034,0.172255352
Namibia,2017,111,4.573999882,0.964434326,0.338611811,0.077133745
Kenya,2017,112,4.552999973,0.560479462,0.30998835,0.444860309
Mozambique,2017,113,4.550000191,0.23430565,0.106654435,0.322228104
Myanmar,2017,114,4.545000076,0.36711055,0.397522569,0.838075161
Senegal,2017,115,4.534999847,0.479309022,0.409362853,0.183468893
Zambia,2017,116,4.513999939,0.636406779,0.257835895,0.249580145
Iraq,2017,117,4.497000217,1.102710485,0.50118047,0.199637264
Gabon,2017,118,4.465000153,1.198210239,0.356578588,0.043785378
Ethiopia,2017,119,4.460000038,0.339233845,0.353409708,0.31265074
Sri Lanka,2017,120,4.440000057,1.009850144,0.625130832,0.490863562
Armenia,2017,121,4.375999928,0.900596738,0.637524426,0.083488092
India,2017,122,4.315000057,0.792221248,0.455427617,0.231538489
Mauritania,2017,123,4.291999817,0.648457289,0.28534928,0.201870024
Congo (Brazzaville),2017,124,4.290999889,0.808964252,0.289957434,0.120852128
Georgia,2017,125,4.285999775,0.950612664,0.649546981,0.054008815
Congo (Kinshasa),2017,126,4.28000021,0.092102349,0.191407025,0.246455833
Mali,2017,127,4.190000057,0.476180494,0.169365674,0.183354199
Ivory Coast,2017,128,4.179999828,0.603048921,0.04864217,0.20123747
Cambodia,2017,129,4.168000221,0.601765096,0.429783404,0.385922968
Sudan,2017,130,4.138999939,0.659516692,0.290920824,0.182317451
Ghana,2017,131,4.119999886,0.667224824,0.295637727,0.256923944
Ukraine,2017,132,4.096000195,0.894651949,0.575903952,0.270061463
Uganda,2017,133,4.080999851,0.381430715,0.217632607,0.325766057
Burkina Faso,2017,134,4.032000065,0.350227714,0.215844259,0.250864685
Niger,2017,135,4.027999878,0.161925331,0.268505007,0.228673846
Malawi,2017,136,3.970000029,0.233442038,0.315089583,0.28717047
Chad,2017,137,3.936000109,0.438012987,0.041134715,0.21611385
Zimbabwe,2017,138,3.875,0.375846535,0.196763754,0.189143494
Lesotho,2017,139,3.808000088,0.521021247,0,0.157497272
Angola,2017,140,3.795000076,0.85842818,0.049868666,0.09792649
Afghanistan,2017,141,3.79399991,0.401477218,0.180746779,0.311870933
Botswana,2017,142,3.766000032,1.122094154,0.341755509,0.099348448
Benin,2017,143,3.657000065,0.431085408,0.209930211,0.207948461
Madagascar,2017,144,3.644000053,0.305808693,0.375223309,0.20873253
Haiti,2017,145,3.602999926,0.368610263,0.27732113,0.489203781
Yemen,2017,146,3.592999935,0.591683447,0.310080916,0.104125209
South Sudan,2017,147,3.59100008,0.397248626,0.163486004,0.285670817
Liberia,2017,148,3.532999992,0.119041793,0.229918197,0.266549885
Guinea,2017,149,3.506999969,0.24454993,0.194129139,0.264815092
Togo,2017,150,3.494999886,0.305444717,0.247105569,0.196896151
Rwanda,2017,151,3.470999956,0.368745893,0.326424807,0.252756029
Syria,2017,152,3.461999893,0.777153134,0.500533342,0.493663728
Tanzania,2017,153,3.348999977,0.511135876,0.364509284,0.354256362
Burundi,2017,154,2.904999971,0.091622569,0.151610792,0.204435185
Central African Republic,2017,155,2.693000078,0,0.018772686,0.280876487
Finland,2018,1,7.632,1.305,0.874,0.393
Norway,2018,2,7.594,1.456,0.861,0.34
Denmark,2018,3,7.555,1.351,0.868,0.408
Iceland,2018,4,7.495,1.343,0.914,0.138
Switzerland,2018,5,7.487,1.42,0.927,0.357
Netherlands,2018,6,7.441,1.361,0.878,0.295
Canada,2018,7,7.328,1.33,0.896,0.291
New Zealand,2018,8,7.324,1.268,0.876,0.389
Sweden,2018,9,7.314,1.355,0.913,0.383
Australia,2018,10,7.272,1.34,0.91,0.302
United Kingdom,2018,11,7.19,1.244,0.888,0.082
Austria,2018,12,7.139,1.341,0.891,0.224
Costa Rica,2018,13,7.072,1.01,0.817,0.101
Ireland,2018,14,6.977,1.448,0.876,0.306
Germany,2018,15,6.965,1.34,0.861,0.28
Belgium,2018,16,6.927,1.324,0.894,0.24
Luxembourg,2018,17,6.91,1.576,0.896,0.321
United States,2018,18,6.886,1.398,0.819,0.133
Israel,2018,19,6.814,1.301,0.883,0.272
United Arab Emirates,2018,20,6.774,2.096,0.67,N/A
Czech Republic,2018,21,6.711,1.233,0.854,0.034
Malta,2018,22,6.627,1.27,0.884,0.142
France,2018,23,6.489,1.293,0.908,0.176
Mexico,2018,24,6.488,1.038,0.761,0.095
Chile,2018,25,6.476,1.131,0.808,0.061
Taiwan,2018,26,6.441,1.365,0.857,0.078
Panama,2018,27,6.43,1.112,0.759,0.063
Brazil,2018,28,6.419,0.986,0.675,0.088
Argentina,2018,29,6.388,1.073,0.744,0.054
Guatemala,2018,30,6.382,0.781,0.608,0.071
Uruguay,2018,31,6.379,1.093,0.771,0.155
Qatar,2018,32,6.374,1.649,0.748,0.171
Saudi Arabia,2018,33,6.371,1.379,0.633,0.127
Singapore,2018,34,6.343,1.529,1.008,0.457
Malaysia,2018,35,6.322,1.161,0.669,0.059
Spain,2018,36,6.31,1.251,0.965,0.074
Colombia,2018,37,6.26,0.96,0.635,0.039
Trinidad & Tobago,2018,38,6.192,1.223,0.564,0.019
Slovakia,2018,39,6.173,1.21,0.776,0.014
El Salvador,2018,40,6.167,0.806,0.639,0.082
Nicaragua,2018,41,6.141,0.668,0.7,0.128
Poland,2018,42,6.123,1.176,0.781,0.064
Bahrain,2018,43,6.105,1.338,0.698,0.123
Uzbekistan,2018,44,6.096,0.719,0.605,0.259
Kuwait,2018,45,6.083,1.474,0.675,0.106
Thailand,2018,46,6.072,1.016,0.707,0.029
Italy,2018,47,6,1.264,0.946,0.028
Ecuador,2018,48,5.973,0.889,0.736,0.12
Belize,2018,49,5.956,0.807,0.474,0.089
Lithuania,2018,50,5.952,1.197,0.716,0.006
Slovenia,2018,51,5.948,1.219,0.856,0.051
Romania,2018,52,5.945,1.116,0.726,0.001
Latvia,2018,53,5.933,1.148,0.671,0.066
Japan,2018,54,5.915,1.294,0.988,0.15
Mauritius,2018,55,5.891,1.09,0.684,0.05
Jamaica,2018,56,5.89,0.819,0.693,0.031
South Korea,2018,57,5.875,1.266,0.955,0.051
Northern Cyprus,2018,58,5.835,1.229,0.909,0.154
Russia,2018,59,5.81,1.151,0.599,0.025
Kazakhstan,2018,60,5.79,1.143,0.631,0.121
Cyprus,2018,61,5.762,1.229,0.909,0.035
Bolivia,2018,62,5.752,0.751,0.508,0.054
Estonia,2018,63,5.739,1.2,0.737,0.174
Paraguay,2018,64,5.681,0.835,0.615,0.074
Peru,2018,65,5.663,0.934,0.674,0.034
Kosovo,2018,66,5.662,0.855,0.578,0.023
Moldova,2018,67,5.64,0.657,0.62,0
Turkmenistan,2018,68,5.636,1.016,0.517,0.037
Hungary,2018,69,5.62,1.171,0.732,0.022
Libya,2018,70,5.566,0.985,0.553,0.148
Philippines,2018,71,5.524,0.775,0.513,0.105
Honduras,2018,72,5.504,0.62,0.622,0.074
Belarus,2018,73,5.483,1.039,0.7,0.154
Turkey,2018,74,5.483,1.148,0.686,0.109
Pakistan,2018,75,5.472,0.652,0.424,0.113
Hong Kong,2018,76,5.43,1.405,1.03,0.291
Portugal,2018,77,5.41,1.188,0.884,0.017
Serbia,2018,78,5.398,0.975,0.685,0.043
Greece,2018,79,5.358,1.154,0.879,0.044
Lebanon,2018,80,5.358,0.965,0.785,0.136
Montenegro,2018,81,5.347,1.017,0.729,0.081
Croatia,2018,82,5.321,1.115,0.737,0.039
Dominican Republic,2018,83,5.302,0.982,0.614,0.106
Algeria,2018,84,5.295,0.979,0.687,0.135
Morocco,2018,85,5.254,0.779,0.669,0.074
China,2018,86,5.246,0.989,0.799,0.103
Azerbaijan,2018,87,5.201,1.024,0.603,0.176
Tajikistan,2018,88,5.199,0.474,0.598,0.034
Macedonia,2018,89,5.185,0.959,0.691,0.052
Jordan,2018,90,5.161,0.822,0.645,0.134
Nigeria,2018,91,5.155,0.689,0.048,0.032
Kyrgyzstan,2018,92,5.131,0.53,0.594,0.035
Bosnia and Herzegovina,2018,93,5.129,0.915,0.758,0
Mongolia,2018,94,5.125,0.914,0.575,0.032
Vietnam,2018,95,5.103,0.715,0.702,0.079
Indonesia,2018,96,5.093,0.899,0.522,0.018
Bhutan,2018,97,5.082,0.796,0.527,0.171
Somalia,2018,98,4.982,0,0.115,0.282
Cameroon,2018,99,4.975,0.535,0.182,0.043
Bulgaria,2018,100,4.933,1.054,0.712,0.009
Nepal,2018,101,4.88,0.425,0.539,0.078
Venezuela,2018,102,4.806,0.996,0.657,0.052
Gabon,2018,103,4.758,1.036,0.404,0.052
Palestinian Territories,2018,104,4.743,0.642,0.602,0.076
South Africa,2018,105,4.724,0.94,0.33,0.056
Iran,2018,106,4.707,1.059,0.691,0.129
Ivory Coast,2018,107,4.671,0.541,0.08,0.103
Ghana,2018,108,4.657,0.592,0.337,0.029
Senegal,2018,109,4.631,0.429,0.433,0.082
Laos,2018,110,4.623,0.72,0.441,0.174
Tunisia,2018,111,4.592,0.9,0.69,0.063
Albania,2018,112,4.586,0.916,0.79,0.032
Sierra Leone,2018,113,4.571,0.256,0,0.053
Congo (Brazzaville),2018,114,4.559,0.682,0.343,0.077
Bangladesh,2018,115,4.5,0.532,0.579,0.144
Sri Lanka,2018,116,4.471,0.918,0.672,0.05
Iraq,2018,117,4.456,1.01,0.536,0.095
Mali,2018,118,4.447,0.37,0.152,0.056
Namibia,2018,119,4.441,0.874,0.365,0.064
Cambodia,2018,120,4.433,0.549,0.457,0.065
Burkina Faso,2018,121,4.424,0.314,0.254,0.128
Egypt,2018,122,4.419,0.885,0.553,0.107
Mozambique,2018,123,4.417,0.198,0.173,0.158
Kenya,2018,124,4.41,0.493,0.454,0.055
Zambia,2018,125,4.377,0.562,0.295,0.082
Mauritania,2018,126,4.356,0.557,0.292,0.093
Ethiopia,2018,127,4.35,0.308,0.391,0.146
Georgia,2018,128,4.34,0.853,0.643,0.215
Armenia,2018,129,4.321,0.816,0.666,0.028
Myanmar,2018,130,4.308,0.682,0.429,0.178
Chad,2018,131,4.301,0.358,0.053,0.06
Congo (Kinshasa),2018,132,4.245,0.069,0.204,0.052
India,2018,133,4.19,0.721,0.485,0.093
Niger,2018,134,4.166,0.131,0.221,0.099
Uganda,2018,135,4.161,0.322,0.237,0.061
Benin,2018,136,4.141,0.378,0.24,0.067
Sudan,2018,137,4.139,0.605,0.312,0.082
Ukraine,2018,138,4.103,0.793,0.609,0.011
Togo,2018,139,3.999,0.259,0.253,0.101
Guinea,2018,140,3.964,0.344,0.211,0.094
Lesotho,2018,141,3.808,0.472,0.079,0.112
Angola,2018,142,3.795,0.73,0.269,0.061
Madagascar,2018,143,3.774,0.262,0.402,0.049
Zimbabwe,2018,144,3.692,0.357,0.248,0.099
Afghanistan,2018,145,3.632,0.332,0.255,0.036
Botswana,2018,146,3.59,1.017,0.417,0.092
Malawi,2018,147,3.587,0.186,0.306,0.08
Haiti,2018,148,3.582,0.315,0.289,0.104
Liberia,2018,149,3.495,0.076,0.267,0.03
Syria,2018,150,3.462,0.689,0.539,0.144
Rwanda,2018,151,3.408,0.332,0.4,0.444
Yemen,2018,152,3.355,0.442,0.343,0.064
Tanzania,2018,153,3.303,0.455,0.381,0.097
South Sudan,2018,154,3.254,0.337,0.177,0.106
Central African Republic,2018,155,3.083,0.024,0.01,0.038
Burundi,2018,156,2.905,0.091,0.145,0.076
Finland,2019,1,7.769,1.34,0.986,0.393
Denmark,2019,2,7.6,1.383,0.996,0.41
Norway,2019,3,7.554,1.488,1.028,0.341
Iceland,2019,4,7.494,1.38,1.026,0.118
Netherlands,2019,5,7.488,1.396,0.999,0.298
Switzerland,2019,6,7.48,1.452,1.052,0.343
Sweden,2019,7,7.343,1.387,1.009,0.373
New Zealand,2019,8,7.307,1.303,1.026,0.38
Canada,2019,9,7.278,1.365,1.039,0.308
Austria,2019,10,7.246,1.376,1.016,0.226
Australia,2019,11,7.228,1.372,1.036,0.29
Costa Rica,2019,12,7.167,1.034,0.963,0.093
Israel,2019,13,7.139,1.276,1.029,0.082
Luxembourg,2019,14,7.09,1.609,1.012,0.316
United Kingdom,2019,15,7.054,1.333,0.996,0.278
Ireland,2019,16,7.021,1.499,0.999,0.31
Germany,2019,17,6.985,1.373,0.987,0.265
Belgium,2019,18,6.923,1.356,0.986,0.21
United States,2019,19,6.892,1.433,0.874,0.128
Czech Republic,2019,20,6.852,1.269,0.92,0.036
United Arab Emirates,2019,21,6.825,1.503,0.825,0.182
Malta,2019,22,6.726,1.3,0.999,0.151
Mexico,2019,23,6.595,1.07,0.861,0.073
France,2019,24,6.592,1.324,1.045,0.183
Taiwan,2019,25,6.446,1.368,0.914,0.097
Chile,2019,26,6.444,1.159,0.92,0.056
Guatemala,2019,27,6.436,0.8,0.746,0.078
Saudi Arabia,2019,28,6.375,1.403,0.795,0.132
Qatar,2019,29,6.374,1.684,0.871,0.167
Spain,2019,30,6.354,1.286,1.062,0.079
Panama,2019,31,6.321,1.149,0.91,0.054
Brazil,2019,32,6.3,1.004,0.802,0.086
Uruguay,2019,33,6.293,1.124,0.891,0.15
Singapore,2019,34,6.262,1.572,1.141,0.453
El Salvador,2019,35,6.253,0.794,0.789,0.074
Italy,2019,36,6.223,1.294,1.039,0.03
Bahrain,2019,37,6.199,1.362,0.871,0.11
Slovakia,2019,38,6.198,1.246,0.881,0.014
Trinidad & Tobago,2019,39,6.192,1.231,0.713,0.016
Poland,2019,40,6.182,1.206,0.884,0.05
Uzbekistan,2019,41,6.174,0.745,0.756,0.24
Lithuania,2019,42,6.149,1.238,0.818,0.042
Colombia,2019,43,6.125,0.985,0.841,0.034
Slovenia,2019,44,6.118,1.258,0.953,0.057
Nicaragua,2019,45,6.105,0.694,0.835,0.127
Kosovo,2019,46,6.1,0.882,0.758,0.006
Argentina,2019,47,6.086,1.092,0.881,0.05
Romania,2019,48,6.07,1.162,0.825,0.005
Cyprus,2019,49,6.046,1.263,1.042,0.041
Ecuador,2019,50,6.028,0.912,0.868,0.087
Kuwait,2019,51,6.021,1.5,0.808,0.097
Thailand,2019,52,6.008,1.05,0.828,0.028
Latvia,2019,53,5.94,1.187,0.812,0.064
South Korea,2019,54,5.895,1.301,1.036,0.056
Estonia,2019,55,5.893,1.237,0.874,0.161
Jamaica,2019,56,5.89,0.831,0.831,0.028
Mauritius,2019,57,5.888,1.12,0.798,0.06
Japan,2019,58,5.886,1.327,1.088,0.14
Honduras,2019,59,5.86,0.642,0.828,0.078
Kazakhstan,2019,60,5.809,1.173,0.729,0.096
Bolivia,2019,61,5.779,0.776,0.706,0.064
Hungary,2019,62,5.758,1.201,0.828,0.02
Paraguay,2019,63,5.743,0.855,0.777,0.08
Northern Cyprus,2019,64,5.718,1.263,1.042,0.162
Peru,2019,65,5.697,0.96,0.854,0.027
Portugal,2019,66,5.693,1.221,0.999,0.025
Pakistan,2019,67,5.653,0.677,0.535,0.098
Russia,2019,68,5.648,1.183,0.726,0.031
Philippines,2019,69,5.631,0.807,0.657,0.107
Serbia,2019,70,5.603,1.004,0.854,0.039
Moldova,2019,71,5.529,0.685,0.739,0
Libya,2019,72,5.525,1.044,0.673,0.152
Montenegro,2019,73,5.523,1.051,0.871,0.08
Tajikistan,2019,74,5.467,0.493,0.718,0.144
Croatia,2019,75,5.432,1.155,0.914,0.022
Hong Kong,2019,76,5.43,1.438,1.122,0.287
Dominican Republic,2019,77,5.425,1.015,0.779,0.101
Bosnia and Herzegovina,2019,78,5.386,0.945,0.845,0.006
Turkey,2019,79,5.373,1.183,0.808,0.106
Malaysia,2019,80,5.339,1.221,0.828,0.024
Belarus,2019,81,5.323,1.067,0.789,0.142
Greece,2019,82,5.287,1.181,0.999,0.034
Mongolia,2019,83,5.285,0.948,0.667,0.038
North Macedonia,2019,84,5.274,0.983,0.838,0.034
Nigeria,2019,85,5.265,0.696,0.245,0.041
Kyrgyzstan,2019,86,5.261,0.551,0.723,0.023
Turkmenistan,2019,87,5.247,1.052,0.657,0.028
Algeria,2019,88,5.211,1.002,0.785,0.114
Morocco,2019,89,5.208,0.801,0.782,0.076
Azerbaijan,2019,90,5.208,1.043,0.769,0.182
Lebanon,2019,91,5.197,0.987,0.815,0.027
Indonesia,2019,92,5.192,0.931,0.66,0.028
China,2019,93,5.191,1.029,0.893,0.1
Vietnam,2019,94,5.175,0.741,0.851,0.073
Bhutan,2019,95,5.082,0.813,0.604,0.167
Cameroon,2019,96,5.044,0.549,0.331,0.037
Bulgaria,2019,97,5.011,1.092,0.815,0.004
Ghana,2019,98,4.996,0.611,0.486,0.04
Ivory Coast,2019,99,4.944,0.569,0.232,0.09
Nepal,2019,100,4.913,0.446,0.677,0.089
Jordan,2019,101,4.906,0.837,0.815,0.13
Benin,2019,102,4.883,0.393,0.397,0.082
Congo (Brazzaville),2019,103,4.812,0.673,0.508,0.093
Gabon,2019,104,4.799,1.057,0.571,0.055
Laos,2019,105,4.796,0.764,0.551,0.164
South Africa,2019,106,4.722,0.96,0.469,0.055
Albania,2019,107,4.719,0.947,0.874,0.027
Venezuela,2019,108,4.707,0.96,0.805,0.047
Cambodia,2019,109,4.7,0.574,0.637,0.062
Palestinian Territories,2019,110,4.696,0.657,0.672,0.066
Senegal,2019,111,4.681,0.45,0.571,0.072
Somalia,2019,112,4.668,0,0.268,0.27
Namibia,2019,113,4.639,0.879,0.477,0.056
Niger,2019,114,4.628,0.138,0.366,0.102
Burkina Faso,2019,115,4.587,0.331,0.38,0.113
Armenia,2019,116,4.559,0.85,0.815,0.064
Iran,2019,117,4.548,1.1,0.785,0.125
Guinea,2019,118,4.534,0.38,0.375,0.086
Georgia,2019,119,4.519,0.886,0.752,0.164
Gambia,2019,120,4.516,0.308,0.428,0.167
Kenya,2019,121,4.509,0.512,0.581,0.053
Mauritania,2019,122,4.49,0.57,0.489,0.088
Mozambique,2019,123,4.466,0.204,0.39,0.138
Tunisia,2019,124,4.461,0.921,0.815,0.055
Bangladesh,2019,125,4.456,0.562,0.723,0.143
Iraq,2019,126,4.437,1.043,0.574,0.089
Congo (Kinshasa),2019,127,4.418,0.094,0.357,0.053
Mali,2019,128,4.39,0.385,0.308,0.052
Sierra Leone,2019,129,4.374,0.268,0.242,0.045
Sri Lanka,2019,130,4.366,0.949,0.831,0.047
Myanmar,2019,131,4.36,0.71,0.555,0.172
Chad,2019,132,4.35,0.35,0.192,0.078
Ukraine,2019,133,4.332,0.82,0.739,0.01
Ethiopia,2019,134,4.286,0.336,0.532,0.1
Swaziland,2019,135,4.212,0.811,0,0.135
Uganda,2019,136,4.189,0.332,0.443,0.06
Egypt,2019,137,4.166,0.913,0.644,0.067
Zambia,2019,138,4.107,0.578,0.426,0.087
Togo,2019,139,4.085,0.275,0.41,0.085
India,2019,140,4.015,0.755,0.588,0.085
Liberia,2019,141,3.975,0.073,0.443,0.033
Comoros,2019,142,3.973,0.274,0.505,0.078
Madagascar,2019,143,3.933,0.274,0.555,0.041
Lesotho,2019,144,3.802,0.489,0.168,0.093
Burundi,2019,145,3.775,0.046,0.38,0.18
Zimbabwe,2019,146,3.663,0.366,0.433,0.089
Haiti,2019,147,3.597,0.323,0.449,0.11
Botswana,2019,148,3.488,1.041,0.538,0.1
Syria,2019,149,3.462,0.619,0.44,0.141
Malawi,2019,150,3.41,0.191,0.495,0.089
Yemen,2019,151,3.38,0.287,0.463,0.077
Rwanda,2019,152,3.334,0.359,0.614,0.411
Tanzania,2019,153,3.231,0.476,0.499,0.147
Afghanistan,2019,154,3.203,0.35,0.361,0.025
Central African Republic,2019,155,3.083,0.026,0.105,0.035
South Sudan,2019,156,2.853,0.306,0.295,0.091
